{"name":"onion_man","spriteSheetImage":"onion_man.png","spriteWidth":128,"spriteHeight":128,"leftBuffer":0,"rightBuffer":0,"topBuffer":0,"bottomBuffer":0,"columns":8,"rows":5,"animations":[{"name":"IDLE","repeat":true,"frames":[{"index":0,"duration":10},{"index":1,"duration":10},{"index":2,"duration":10},{"index":3,"duration":10},{"index":4,"duration":10},{"index":3,"duration":10},{"index":2,"duration":10},{"index":1,"duration":10}]},{"name":"BACK","repeat":true,"frames":[{"index":5,"duration":10},{"index":6,"duration":10},{"index":7,"duration":10},{"index":8,"duration":10},{"index":9,"duration":10},{"index":8,"duration":10},{"index":7,"duration":10},{"index":6,"duration":10}]},{"name":"CUTE","repeat":true,"frames":[{"index":10,"duration":10},{"index":11,"duration":10},{"index":12,"duration":10},{"index":11,"duration":10},{"index":10,"duration":10},{"index":13,"duration":10},{"index":14,"duration":10},{"index":13,"duration":10}]},{"name":"LOVE","repeat":true,"frames":[{"index":15,"duration":5},{"index":16,"duration":5},{"index":17,"duration":5},{"index":18,"duration":5},{"index":19,"duration":5},{"index":20,"duration":5},{"index":21,"duration":5}]},{"name":"MAD","repeat":true,"frames":[{"index":22,"duration":5},{"index":23,"duration":5},{"index":24,"duration":5},{"index":25,"duration":5},{"index":26,"duration":5},{"index":27,"duration":5},{"index":28,"duration":5}]},{"name":"HAPPY","repeat":true,"frames":[{"index":29,"duration":5},{"index":30,"duration":5},{"index":31,"duration":5},{"index":30,"duration":5},{"index":29,"duration":5},{"index":30,"duration":5},{"index":32,"duration":5},{"index":35,"duration":5},{"index":33,"duration":5},{"index":35,"duration":5},{"index":34,"duration":5},{"index":35,"duration":5},{"index":33,"duration":5},{"index":36,"duration":5}]}]}